Workbook

Sheet feature_list
B1: road | C1: waste | D1: water | E1: safety | F1: road | G1: waste | H1: water | I1: safety
A2: above | B2: =F2/$J2 -> 0 | C2: =G2/$J2 -> 0 | D2: =H2/$J2 -> 0 | E2: =I2/$J2 -> 1 | F2: =COUNTIFS(Sheet1!$A:$A, "*" & $A2 & "*",Sheet1!$B:$B,F$1) -> 0 | G2: =COUNTIFS(Sheet1!$A:$A, "*" & $A2 & "*",Sheet1!$B:$B,G$1) -> 0 | H2: =COUNTIFS(Sheet1!$A:$A, "*" & $A2 & "*",Sheet1!$B:$B,H$1) -> 0 | I2: =COUNTIFS(Sheet1!$A:$A, "*" & $A2 & "*",Sheet1!$B:$B,I$1) -> 1 | J2: =SUM(F2:I2) -> 1
A3: access | B3: =F3/$J3 -> 0.66666667 | C3: =G3/$J3 -> 0 | D3: =H3/$J3 -> 0 | E3: =I3/$J3 -> 0.33333333 | F3: =COUNTIFS(Sheet1!$A:$A, "*" & $A3 & "*",Sheet1!$B:$B,F$1) -> 2 | G3: =COUNTIFS(Sheet1!$A:$A, "*" & $A3 & "*",Sheet1!$B:$B,G$1) -> 0 | H3: =COUNTIFS(Sheet1!$A:$A, "*" & $A3 & "*",Sheet1!$B:$B,H$1) -> 0 | I3: =COUNTIFS(Sheet1!$A:$A, "*" & $A3 & "*",Sheet1!$B:$B,I$1) -> 1 | J3: =SUM(F3:I3) -> 3
A4: across | B4: =F4/$J4 -> 0 | C4: =G4/$J4 -> 0.33333333 | D4: =H4/$J4 -> 0.66666667 | E4: =I4/$J4 -> 0 | F4: =COUNTIFS(Sheet1!$A:$A, "*" & $A4 & "*",Sheet1!$B:$B,F$1) -> 0 | G4: =COUNTIFS(Sheet1!$A:$A, "*" & $A4 & "*",Sheet1!$B:$B,G$1) -> 1 | H4: =COUNTIFS(Sheet1!$A:$A, "*" & $A4 & "*",Sheet1!$B:$B,H$1) -> 2 | I4: =COUNTIFS(Sheet1!$A:$A, "*" & $A4 & "*",Sheet1!$B:$B,I$1) -> 0 | J4: =SUM(F4:I4) -> 3
A5: after | B5: =F5/$J5 -> 0.25 | C5: =G5/$J5 -> 0 | D5: =H5/$J5 -> 0.75 | E5: =I5/$J5 -> 0 | F5: =COUNTIFS(Sheet1!$A:$A, "*" & $A5 & "*",Sheet1!$B:$B,F$1) -> 1 | G5: =COUNTIFS(Sheet1!$A:$A, "*" & $A5 & "*",Sheet1!$B:$B,G$1) -> 0 | H5: =COUNTIFS(Sheet1!$A:$A, "*" & $A5 & "*",Sheet1!$B:$B,H$1) -> 3 | I5: =COUNTIFS(Sheet1!$A:$A, "*" & $A5 & "*",Sheet1!$B:$B,I$1) -> 0 | J5: =SUM(F5:I5) -> 4
A6: again | B6: =F6/$J6 -> 0 | C6: =G6/$J6 -> 1 | D6: =H6/$J6 -> 0 | E6: =I6/$J6 -> 0 | F6: =COUNTIFS(Sheet1!$A:$A, "*" & $A6 & "*",Sheet1!$B:$B,F$1) -> 0 | G6: =COUNTIFS(Sheet1!$A:$A, "*" & $A6 & "*",Sheet1!$B:$B,G$1) -> 1 | H6: =COUNTIFS(Sheet1!$A:$A, "*" & $A6 & "*",Sheet1!$B:$B,H$1) -> 0 | I6: =COUNTIFS(Sheet1!$A:$A, "*" & $A6 & "*",Sheet1!$B:$B,I$1) -> 0 | J6: =SUM(F6:I6) -> 1
A7: alleyway | B7: =F7/$J7 -> 0 | C7: =G7/$J7 -> 0 | D7: =H7/$J7 -> 0 | E7: =I7/$J7 -> 1 | F7: =COUNTIFS(Sheet1!$A:$A, "*" & $A7 & "*",Sheet1!$B:$B,F$1) -> 0 | G7: =COUNTIFS(Sheet1!$A:$A, "*" & $A7 & "*",Sheet1!$B:$B,G$1) -> 0 | H7: =COUNTIFS(Sheet1!$A:$A, "*" & $A7 & "*",Sheet1!$B:$B,H$1) -> 0 | I7: =COUNTIFS(Sheet1!$A:$A, "*" & $A7 & "*",Sheet1!$B:$B,I$1) -> 1 | J7: =SUM(F7:I7) -> 1
A8: allows | B8: =F8/$J8 -> 0 | C8: =G8/$J8 -> 0 | D8: =H8/$J8 -> 0 | E8: =I8/$J8 -> 1 | F8: =COUNTIFS(Sheet1!$A:$A, "*" & $A8 & "*",Sheet1!$B:$B,F$1) -> 0 | G8: =COUNTIFS(Sheet1!$A:$A, "*" & $A8 & "*",Sheet1!$B:$B,G$1) -> 0 | H8: =COUNTIFS(Sheet1!$A:$A, "*" & $A8 & "*",Sheet1!$B:$B,H$1) -> 0 | I8: =COUNTIFS(Sheet1!$A:$A, "*" & $A8 & "*",Sheet1!$B:$B,I$1) -> 1 | J8: =SUM(F8:I8) -> 1
A9: along | B9: =F9/$J9 -> 0.5 | C9: =G9/$J9 -> 0 | D9: =H9/$J9 -> 0.5 | E9: =I9/$J9 -> 0 | F9: =COUNTIFS(Sheet1!$A:$A, "*" & $A9 & "*",Sheet1!$B:$B,F$1) -> 1 | G9: =COUNTIFS(Sheet1!$A:$A, "*" & $A9 & "*",Sheet1!$B:$B,G$1) -> 0 | H9: =COUNTIFS(Sheet1!$A:$A, "*" & $A9 & "*",Sheet1!$B:$B,H$1) -> 1 | I9: =COUNTIFS(Sheet1!$A:$A, "*" & $A9 & "*",Sheet1!$B:$B,I$1) -> 0 | J9: =SUM(F9:I9) -> 2
A10: are | B10: =F10/$J10 -> 0.3 | C10: =G10/$J10 -> 0.3 | D10: =H10/$J10 -> 0.2 | E10: =I10/$J10 -> 0.2 | F10: =COUNTIFS(Sheet1!$A:$A, "*" & $A10 & "*",Sheet1!$B:$B,F$1) -> 3 | G10: =COUNTIFS(Sheet1!$A:$A, "*" & $A10 & "*",Sheet1!$B:$B,G$1) -> 3 | H10: =COUNTIFS(Sheet1!$A:$A, "*" & $A10 & "*",Sheet1!$B:$B,H$1) -> 2 | I10: =COUNTIFS(Sheet1!$A:$A, "*" & $A10 & "*",Sheet1!$B:$B,I$1) -> 2 | J10: =SUM(F10:I10) -> 10
A11: area | B11: =F11/$J11 -> 0.2 | C11: =G11/$J11 -> 0.4 | D11: =H11/$J11 -> 0.2 | E11: =I11/$J11 -> 0.2 | F11: =COUNTIFS(Sheet1!$A:$A, "*" & $A11 & "*",Sheet1!$B:$B,F$1) -> 1 | G11: =COUNTIFS(Sheet1!$A:$A, "*" & $A11 & "*",Sheet1!$B:$B,G$1) -> 2 | H11: =COUNTIFS(Sheet1!$A:$A, "*" & $A11 & "*",Sheet1!$B:$B,H$1) -> 1 | I11: =COUNTIFS(Sheet1!$A:$A, "*" & $A11 & "*",Sheet1!$B:$B,I$1) -> 1 | J11: =SUM(F11:I11) -> 5
A12: around | B12: =F12/$J12 -> 0.33333333 | C12: =G12/$J12 -> 0.66666667 | D12: =H12/$J12 -> 0 | E12: =I12/$J12 -> 0 | F12: =COUNTIFS(Sheet1!$A:$A, "*" & $A12 & "*",Sheet1!$B:$B,F$1) -> 1 | G12: =COUNTIFS(Sheet1!$A:$A, "*" & $A12 & "*",Sheet1!$B:$B,G$1) -> 2 | H12: =COUNTIFS(Sheet1!$A:$A, "*" & $A12 & "*",Sheet1!$B:$B,H$1) -> 0 | I12: =COUNTIFS(Sheet1!$A:$A, "*" & $A12 & "*",Sheet1!$B:$B,I$1) -> 0 | J12: =SUM(F12:I12) -> 3
A13: at | B13: =F13/$J13 -> 0.23529412 | C13: =G13/$J13 -> 0.11764706 | D13: =H13/$J13 -> 0.35294118 | E13: =I13/$J13 -> 0.29411765 | F13: =COUNTIFS(Sheet1!$A:$A, "*" & $A13 & "*",Sheet1!$B:$B,F$1) -> 8 | G13: =COUNTIFS(Sheet1!$A:$A, "*" & $A13 & "*",Sheet1!$B:$B,G$1) -> 4 | H13: =COUNTIFS(Sheet1!$A:$A, "*" & $A13 & "*",Sheet1!$B:$B,H$1) -> 12 | I13: =COUNTIFS(Sheet1!$A:$A, "*" & $A13 & "*",Sheet1!$B:$B,I$1) -> 10 | J13: =SUM(F13:I13) -> 34
... A270: worse | B270: =F270/$J270 -> 0 | C270: =G270/$J270 -> 1 | D270: =H270/$J270 -> 0 | E270: =I270/$J270 -> 0 | F270: =COUNTIFS(Sheet1!$A:$A, "*" & $A270 & "*",Sheet1!$B:$B,F$1) -> 0 | G270: =COUNTIFS(Sheet1!$A:$A, "*" & $A270 & "*",Sheet1!$B:$B,G$1) -> 1 | H270: =COUNTIFS(Sheet1!$A:$A, "*" & $A270 & "*",Sheet1!$B:$B,H$1) -> 0 | I270: =COUNTIFS(Sheet1!$A:$A, "*" & $A270 & "*",Sheet1!$B:$B,I$1) -> 0 | J270: =SUM(F270:I270) -> 1

Sheet Sheet1
A1: Large pothole outside 21 Colombo Street causing cars to swerve. | B1: road
A2: Glass and loose gravel left on cycle lane near Hagley Park. | B2: road
A3: Traffic light at Moorhouse Avenue not changing for pedestrians. | B3: road
A4: Deep crack forming on footpath beside the primary school. | B4: road
A5: Street sign has fallen over after strong winds. | B5: road
A6: Road marking at the roundabout has faded and is hard to see at night. | B6: road
A7: Stormwater grate is loose and making loud noise when buses pass. | B7: road
A8: Broken curb stone on corner is blocking pram access. | B8: road
A9: Several potholes along school drop-off area need urgent repair. | B9: road
A10: Loose metal on road shoulder is creating dust and safety risk. | B10: road
A11: Missed rubbish collection for our street again this week. | B11: waste
A12: Recycling bins overflowing beside the community hall. | B12: waste
... A60: Overhanging branch above the footpath looks unsafe. | B60: safety
